,y_pred,y_val
0,108.73670914450881,109.2
1,103.70851752145236,103.4
2,99.56144413002264,99.7
3,108.35541022015973,110.4
4,116.6264243030726,116.7
5,108.99890324530445,109.0
6,108.12190696557701,109.1
7,107.32010959914231,107.8
8,104.98778671598417,104.5
9,107.7720801194663,107.9
10,103.72401127105886,104.2
11,109.32777781789258,109.6
12,113.55311035961799,112.9
